{
  "minecraft:adventure/root": {
    "criteria": {
      "killed_something": "2023-03-26 04:15:56 -0400"
    },
    "done": true
  },
  "minecraft:adventure/kill_a_mob": {
    "criteria": {
      "husk": "2023-03-26 04:15:56 -0400"
    },
    "done": true
  },
  "minecraft:adventure/kill_all_mobs": {
    "criteria": {
      "husk": "2023-03-26 04:15:56 -0400"
    },
    "done": false
  },
  "minecraft:adventure/adventuring_time": {
    "criteria": {
      "plains": "2023-03-26 04:13:54 -0400"
    },
    "done": false
  }
}